,tag_id,parent_id,child_id
0,1,1330,None
1,2,1330,None
2,3,99,None
3,4,346,None
4,5,327,None
5,6,272,None
6,7,1153,None
7,8,1307,None
8,9,1329,None
9,10,1329,None
10,11,660,None
11,12,1329,None
12,13,1489,None
13,14,616,None
14,15,1582,None
15,16,865,None
16,16,1329,None
17,17,551,None
18,18,1329,None
19,19,630,None
20,20,1329,None
21,21,1329,None
22,22,1329,None
23,23,1329,None
24,24,406,None
25,25,660,None
26,26,616,27
27,26,616,770
28,26,616,777
29,26,614,27
30,26,614,770
31,26,614,777
32,27,26,None
33,27,26,None
34,28,1776,None
35,29,682,None
36,30,1236,None
37,31,883,311
38,32,682,None
39,33,41,None
40,34,660,None
41,35,248,None
42,35,1433,None
43,36,584,None
44,37,248,None
45,38,660,None
46,39,122,119
47,40,122,879
48,40,122,887
49,41,122,33
50,41,122,1308
51,42,122,584
52,43,122,59
53,43,122,148
54,43,122,225
55,43,122,312
56,43,122,729
57,43,122,814
58,43,122,830
59,43,122,1164
60,43,122,1306
61,44,879,None
62,45,1153,813
63,45,1153,1080
64,46,1329,None
65,47,1329,None
66,48,1329,None
67,49,272,None
68,50,1365,None
69,51,1236,None
70,51,1329,None
71,52,1329,None
72,53,1550,486
73,53,1550,539
74,53,1550,962
75,53,1550,963
76,53,1550,1328
77,53,1550,1552
78,54,1329,None
79,55,1329,None
80,56,1329,None
81,57,660,None
82,58,1386,None
83,59,43,None
84,60,1793,None
85,61,1793,None
86,62,1329,None
87,63,1329,None
88,64,1329,None
89,65,887,None
90,66,1428,None
91,67,1167,None
92,68,1692,None
93,69,391,None
94,70,1365,None
95,71,1365,None
96,72,1365,None
97,73,99,None
98,74,838,None
99,75,1329,None
100,76,1236,None
101,77,1236,None
102,78,1331,None
103,78,1805,941
104,78,1805,1058
105,79,99,None
106,80,1705,None
107,81,1148,None
108,82,1329,None
109,83,1329,None
110,84,1329,None
111,85,1365,None
112,86,1705,None
113,87,1329,None
114,88,1329,None
115,89,1329,None
116,90,1272,None
117,91,1307,None
118,91,1329,None
119,92,1329,None
120,93,1329,None
121,94,1272,None
122,95,1329,None
123,96,327,None
124,97,1292,428
125,97,1292,524
126,97,1292,614
127,97,1292,739
128,97,1292,758
129,97,1292,796
130,97,1292,1298
131,97,1292,1709
132,98,452,345
133,98,452,1234
134,99,345,3
135,99,345,142
136,99,345,143
137,99,345,144
138,99,345,149
139,99,345,156
140,99,345,158
141,99,345,160
142,99,345,273
143,99,345,292
144,99,345,344
145,99,345,381
146,99,345,424
147,99,345,483
148,99,345,503
149,99,345,600
150,99,345,676
151,99,345,712
152,99,345,715
153,99,345,835
154,99,345,841
155,99,345,844
156,99,345,847
157,99,345,880
158,99,345,888
159,99,345,904
160,99,345,1097
161,99,345,1175
162,99,345,1244
163,99,345,1291
164,99,345,1313
165,99,345,1314
166,99,345,1317
167,99,345,1356
168,99,345,1359
169,99,345,1370
170,99,345,1486
171,99,345,1503
172,99,345,1619
173,99,345,1771
174,99,345,1772
175,99,345,1823
176,99,345,1824
177,99,345,1828
178,99,345,1832
179,99,345,1841
180,99,345,1842
181,99,345,1854
182,99,1292,73
183,99,1292,150
184,99,1292,160
185,99,1292,376
186,99,1292,597
187,99,1292,718
188,99,1292,840
189,99,1292,846
190,99,1292,1102
191,99,1292,1290
192,99,1292,1314
193,99,1292,1356
194,99,1292,1830
195,99,1292,1839
196,99,1550,79
197,99,1550,1292
198,99,1550,1524
199,99,1550,1525
200,99,1550,1554
201,99,1550,1555
202,99,1550,1556
203,100,1081,219
204,100,1081,345
205,100,1081,419
206,100,1081,430
207,100,1081,542
208,100,1081,901
209,100,1081,1235
210,100,1081,1353
211,100,1081,1480
212,100,1081,1560
213,101,1234,147
214,101,1234,156
215,101,1234,159
216,101,1234,162
217,101,1234,391
218,101,1234,477
219,101,1234,643
220,101,1234,644
221,101,1234,744
222,101,1234,871
223,101,1234,1094
224,101,1234,1238
225,101,1234,1239
226,101,1234,1315
227,101,1234,1450
228,101,1234,1588
229,101,1234,1632
230,101,1234,1642
231,101,1234,1644
232,101,1234,1746
233,101,1234,1748
234,102,1043,209
235,102,1043,351
236,102,1043,383
237,102,1043,487
238,102,1043,645
239,102,1043,891
240,102,1043,979
241,102,1043,984
242,102,1043,985
243,102,1043,986
244,102,1043,1031
245,102,1043,1054
246,102,1043,1391
247,102,1043,1564
248,102,1043,1693
249,102,1043,1779
250,103,1329,None
251,104,827,1809
252,105,139,None
253,105,138,None
254,106,1329,None
255,107,1329,None
256,108,1262,146
257,108,1262,200
258,108,1262,226
259,108,1262,388
260,108,1262,390
261,108,1262,447
262,108,1262,449
263,108,1262,450
264,108,1262,451
265,108,1262,467
266,108,1262,525
267,108,1262,595
268,108,1262,625
269,108,1262,668
270,108,1262,693
271,108,1262,790
272,108,1262,807
273,108,1262,975
274,108,1262,1047
275,108,1262,1069
276,108,1262,1110
277,108,1262,1263
278,108,1262,1361
279,108,1262,1458
280,108,1262,1483
281,108,1262,1508
282,108,1262,1509
283,108,1262,1633
284,108,1262,1654
285,108,1262,1816
286,109,1272,None
287,110,1365,None
288,111,1329,None
289,112,1387,None
290,113,1329,None
291,114,1329,None
292,115,1368,None
293,116,315,None
294,117,244,None
295,118,1329,None
296,119,39,135
297,119,39,882
298,119,39,1704
299,119,39,1730
300,120,1329,None
301,121,660,None
302,121,215,None
303,122,0,39
304,122,0,40
305,122,0,41
306,122,0,42
307,122,0,43
308,122,0,244
309,122,0,245
310,122,0,660
311,122,0,802
312,122,0,1368
313,122,0,1433
314,123,1368,None
315,124,1083,None
316,125,1856,None
317,126,584,None
318,127,660,None
319,128,244,None
320,129,1705,None
321,130,1805,626
322,130,1805,1063
323,130,1805,1482
324,130,1805,1567
325,131,1330,None
326,132,1433,None
327,133,246,None
328,134,879,None
329,135,119,803
330,135,119,1484
331,135,119,1526
332,135,119,1569
333,136,887,None
334,137,1236,None
335,138,1805,105
336,138,1805,526
337,138,1805,650
338,139,1705,105
339,139,1705,526
340,140,1331,None
341,141,1329,None
342,142,99,None
343,143,99,None
344,144,99,None
345,145,1236,None
346,146,108,None
347,147,101,None
348,148,43,None
349,149,99,None
350,150,99,None
351,151,244,None
352,151,884,None
353,152,244,None
354,152,1497,None
355,152,660,None
356,153,398,None
357,154,1871,None
358,155,333,157
359,156,99,None
360,156,101,None
361,156,844,None
362,157,155,None
363,158,99,None
364,158,1314,None
365,159,101,1153
366,159,101,1793
367,159,1235,None
368,160,244,None
369,160,99,None
370,160,99,None
371,161,1235,None
372,162,101,None
373,162,333,None
374,163,244,None
375,164,346,None
376,165,660,None
377,166,660,None
378,167,884,None
379,168,1244,None
380,169,1329,None
381,170,186,None
382,171,1548,None
383,171,1548,None
384,172,1365,None
385,173,265,None
386,174,827,None
387,175,1793,None
388,176,660,None
389,177,624,306
390,177,624,491
391,177,624,619
392,178,682,None
393,178,1329,None
394,179,1329,None
395,180,1329,None
396,181,1742,None
397,182,1365,None
398,183,1329,None
399,184,1329,None
400,185,1329,None
401,186,1705,170
402,186,1705,187
403,186,1705,190
404,186,1705,192
405,186,1705,194
406,186,1705,672
407,186,1705,1204
408,186,1705,1221
409,187,186,None
410,188,1329,None
411,189,1329,None
412,190,186,None
413,191,1689,None
414,191,1413,None
415,191,660,None
416,192,186,None
417,193,1329,None
418,194,186,None
419,195,1329,None
420,196,1329,None
421,197,1694,1699
422,198,1527,None
423,199,1329,None
424,200,108,None
425,201,1365,None
426,202,1365,None
427,203,1365,None
428,204,1329,None
429,205,1331,None
430,206,1329,None
431,207,1329,None
432,208,1220,None
433,209,102,None
434,210,1329,None
435,211,1329,None
436,212,286,None
437,213,1329,None
438,214,1330,None
439,215,1329,None
440,215,660,121
441,216,1329,None
442,217,244,None
443,218,1330,None
444,219,100,None
445,220,1743,None
446,221,1329,None
447,222,293,None
448,223,660,None
449,224,616,472
450,224,616,479
451,224,616,989
452,224,616,1124
453,224,616,1354
454,224,614,472
455,224,614,479
456,224,614,989
457,224,614,1124
458,224,614,1354
459,225,43,None
460,226,108,None
461,227,1329,None
462,228,1329,None
463,229,551,None
464,229,552,1651
465,230,1793,None
466,231,551,None
467,231,552,None
468,232,1332,None
469,233,1329,None
470,234,574,None
471,235,887,None
472,236,345,344
473,236,345,1799
474,237,1081,406
475,237,1081,1697
476,238,1365,None
477,239,1742,None
478,240,1329,None
479,241,1329,None
480,242,1387,None
481,243,1329,None
482,244,122,117
483,244,122,128
484,244,122,151
485,244,122,152
486,244,122,160
487,244,122,163
488,244,122,217
489,244,122,340
490,244,122,452
491,244,122,476
492,244,122,589
493,244,122,664
494,244,122,820
495,244,122,883
496,244,122,886
497,244,122,972
498,244,122,1081
499,244,122,1283
500,244,122,1353
501,244,122,1527
502,244,122,1640
503,244,122,1682
504,244,122,1823
505,244,122,1834
506,244,122,1835
507,245,122,1658
508,245,122,1694
509,245,122,1714
510,246,802,133
511,246,802,1422
512,246,802,1758
513,247,802,None
514,248,802,35
515,248,802,37
516,248,802,724
517,248,802,798
518,248,802,799
519,248,802,800
520,248,802,801
521,248,802,1181
522,249,444,None
523,250,444,None
524,251,682,None
525,251,1329,None
526,252,1307,None
527,253,1236,None
528,254,1329,None
529,255,528,418
530,255,528,671
531,255,528,1279
532,255,528,418
533,255,528,671
534,255,528,1279
535,256,484,None
536,257,1329,None
537,258,1329,None
538,259,1329,None
539,260,1705,None
540,261,1329,None
541,262,1329,None
542,263,1329,None
543,264,1329,None
544,265,1262,173
545,265,1262,387
546,265,1262,780
547,265,1262,874
548,265,1262,952
549,265,1262,1120
550,265,1262,1143
551,265,1262,1276
552,265,1262,1334
553,265,1262,1380
554,265,1262,1408
555,265,1262,1481
556,265,1262,1647
557,266,1329,None
558,267,1625,None
559,268,272,None
560,269,682,None
561,270,1272,None
562,271,660,None
563,272,1237,6
564,272,1237,49
565,272,1237,268
566,272,1237,287
567,272,1237,289
568,272,1237,404
569,272,1237,512
570,272,1237,540
571,272,1237,537
572,272,1237,564
573,272,1237,652
574,272,1237,734
575,272,1237,862
576,272,1237,911
577,272,1237,918
578,272,1237,1108
579,272,1237,1139
580,272,1237,1170
581,272,1237,1249
582,272,1237,1345
583,272,1237,1455
584,272,1237,1530
585,272,1237,1607
586,272,1237,1620
587,272,1237,1650
588,272,1237,1796
589,272,1237,1825
590,273,99,None
591,274,1329,None
592,275,444,None
593,276,1368,None
594,277,1365,None
595,278,1329,None
596,279,1329,None
597,280,346,None
598,281,682,None
599,282,1094,None
600,283,1331,1193
601,284,444,None
602,285,1329,None
603,286,1089,212
604,286,1089,786
605,286,1089,1035
606,286,1089,1409
607,287,272,None
608,288,682,None
609,289,272,None
610,289,1329,None
611,290,442,None
612,291,1329,None
613,292,99,None
614,293,1805,222
615,293,1805,438
616,293,1805,586
617,293,1805,661
618,293,1805,787
619,293,1805,932
620,293,1805,933
621,293,1805,935
622,293,1805,1133
623,293,1805,1318
624,294,1329,None
625,295,1331,None
626,296,1329,None
627,297,1329,None
628,298,1329,None
629,299,682,None
630,300,1332,None
631,301,1793,None
632,302,1307,None
633,303,1582,None
634,304,1329,None
635,305,1329,None
636,306,177,None
637,307,879,None
638,308,1272,None
639,309,346,None
640,310,1527,None
641,311,31,None
642,312,43,None
643,313,1329,None
644,314,1329,None
645,315,1368,116
646,315,1368,545
647,315,1368,563
648,316,1480,None
649,317,1329,None
650,318,325,None
651,319,325,None
652,320,325,None
653,321,325,None
654,322,325,None
655,323,325,None
656,324,325,None
657,325,347,318
658,325,347,319
659,325,347,320
660,325,347,321
661,325,347,322
662,325,347,323
663,325,347,324
664,325,347,817
665,325,347,1838
666,326,660,None
667,327,345,5
668,327,345,96
669,327,345,1160
670,327,345,1388
671,327,345,1836
672,328,1329,None
673,329,660,None
674,330,1781,None
675,331,1329,None
676,332,1329,None
677,333,1234,155
678,333,1234,162
679,333,1234,334
680,333,1234,398
681,333,1234,453
682,333,1234,487
683,333,1234,504
684,333,1234,865
685,333,1234,994
686,333,1234,1016
687,333,1234,1185
688,333,1234,1225
689,333,1234,1232
690,333,1234,1242
691,333,1234,1304
692,333,1234,1346
693,333,1234,1347
694,333,1234,1448
695,333,1234,1499
696,333,1234,1573
697,333,1234,1586
698,333,1234,1643
699,333,1234,1668
700,333,1234,1741
701,333,1234,1762
702,333,1234,1767
703,333,1234,1790
704,333,1234,1848
705,333,1234,1870
706,333,1234,1871
707,334,333,None
708,335,1625,None
709,336,660,None
710,337,1697,None
711,338,1043,339
712,338,1043,396
713,339,338,None
714,340,244,1636
715,340,244,1642
716,341,1829,None
717,342,664,None
718,343,1829,None
719,344,99,None
720,344,236,None
721,345,98,99
722,345,98,236
723,345,98,327
724,345,98,346
725,345,98,347
726,345,98,797
727,345,100,None
728,346,345,4
729,346,345,164
730,346,345,280
731,346,345,309
732,346,345,478
733,346,345,848
734,346,345,875
735,346,345,907
736,346,345,965
737,346,345,1177
738,346,345,1296
739,346,345,1553
740,346,345,1831
741,347,345,325
742,347,345,616
743,347,345,630
744,347,345,838
745,347,345,1387
746,347,345,1489
747,347,345,1776
748,347,345,1840
749,348,660,None
750,349,1094,890
751,349,1094,1780
752,350,1329,None
753,351,102,None
754,352,1329,None
755,353,1329,None
756,354,1329,None
757,355,682,None
758,355,972,430
759,355,972,1418
760,355,972,1743
761,356,787,None
762,357,660,None
763,358,444,None
764,359,1705,None
765,360,1689,None
766,361,1329,None
767,362,1329,None
768,363,1083,None
769,364,1329,None
770,365,1329,None
771,366,1329,None
772,367,1329,None
773,368,1329,None
774,369,1329,None
775,370,1329,None
776,371,742,None
777,372,1793,None
778,373,1329,None
779,374,682,None
780,375,1480,None
781,376,99,None
782,377,844,None
783,378,1330,None
784,379,742,None
785,380,1692,None
786,381,99,None
787,382,616,None
788,383,102,None
789,384,884,788
790,384,884,1256
791,385,1692,None
792,386,682,None
793,387,265,None
794,388,108,None
795,389,626,None
796,390,108,None
797,391,101,69
798,391,865,None
799,391,1226,None
800,392,1272,None
801,393,1365,None
802,394,616,607
803,394,616,771
804,394,616,778
805,394,616,1023
806,394,616,1596
807,394,616,1710
808,394,614,607
809,394,614,771
810,394,614,778
811,394,614,1023
812,394,614,1596
813,394,614,1710
814,395,1692,1639
815,395,1692,1742
816,396,338,None
817,397,1742,None
818,398,333,153
819,398,333,1744
820,398,333,1746
821,399,1329,None
822,400,1329,None
823,401,887,None
824,402,1329,None
825,403,1329,None
826,404,272,None
827,405,1489,None
828,406,237,24
829,406,237,1392
830,406,237,1447
831,406,237,1523
832,407,1329,None
833,408,871,None
834,409,1329,None
835,410,1329,None
836,411,1332,None
837,412,1332,None
838,413,1329,None
839,414,1329,None
840,415,1329,None
841,416,1329,None
842,417,1329,None
843,418,255,None
844,418,255,None
845,419,100,None
846,420,1527,None
847,421,1389,None
848,422,1329,None
849,423,1329,None
850,424,99,None
851,424,1329,None
852,425,1329,None
853,426,660,None
854,427,1329,None
855,428,97,None
856,429,1329,None
857,430,355,None
858,430,100,None
859,431,1329,None
860,432,1331,None
861,432,1329,None
862,433,1329,None
863,434,1329,None
864,435,682,None
865,436,1329,None
866,437,682,None
867,438,293,None
868,439,1329,None
869,440,1329,None
870,441,444,None
871,442,589,290
872,443,444,None
873,444,1705,249
874,444,1705,250
875,444,1705,275
876,444,1705,284
877,444,1705,358
878,444,1705,441
879,444,1705,443
880,444,1705,831
881,444,1705,909
882,444,1705,1463
883,444,1705,1618
884,445,1743,None
885,445,1329,None
886,446,1329,None
887,447,108,None
888,448,1329,None
889,449,108,None
890,450,108,None
891,451,108,None
892,452,244,98
893,452,244,1152
894,453,333,None
895,453,682,None
896,454,1329,None
897,455,1329,None
898,456,1329,None
899,457,1781,None
900,458,1272,None
901,458,1088,None
902,459,1091,None
903,460,1329,None
904,461,742,None
905,462,1330,None
906,463,1793,None
907,464,1272,None
908,465,1365,None
909,466,1329,None
910,467,108,None
911,468,1329,None
912,469,528,None
913,469,528,None
914,470,660,None
915,471,1329,None
916,472,224,None
917,472,224,None
918,473,1329,None
919,474,1329,None
920,475,1523,None
921,475,1329,None
922,475,1527,None
923,476,244,None
924,477,101,None
925,477,1235,None
926,478,346,None
927,478,1329,None
928,479,224,None
929,479,224,None
930,480,528,None
931,480,528,None
932,481,1329,None
933,481,572,None
934,482,1793,None
935,483,99,None
936,484,1089,256
937,484,1089,601
938,484,1089,616
939,484,1089,621
940,484,1089,854
941,484,1089,1036
942,484,1089,1197
943,484,1089,1281
944,484,1089,1348
945,484,1089,1401
946,484,1089,1402
947,484,1089,1424
948,484,1089,1542
949,484,1089,1721
950,485,1387,None
951,486,53,None
952,487,333,None
953,487,102,None
954,488,682,None
955,489,1329,None
956,490,1329,None
957,491,177,1437
958,492,1329,None
959,493,1428,None
960,494,1272,None
961,495,1329,None
962,496,1329,None
963,497,1666,None
964,498,1548,None
965,498,1548,None
966,499,1272,None
967,500,1329,None
968,501,1332,None
969,502,1329,None
970,503,99,None
971,504,333,None
972,505,1793,1192
973,506,682,None
974,507,1329,None
975,508,1329,None
976,509,1793,None
977,510,1329,None
978,511,1365,None
979,512,272,None
980,513,682,None
981,514,1329,None
982,515,1329,None
983,516,1329,None
984,517,1329,None
985,518,1793,None
986,519,1329,None
987,520,1329,None
988,521,972,None
989,522,1329,None
990,523,1694,None
991,524,97,None
992,525,108,None
993,526,139,None
994,526,138,None
995,527,1083,None
996,528,616,255
997,528,616,469
998,528,616,480
999,528,616,1400
1000,528,616,1521
1001,528,616,1624
1002,528,614,255
1003,528,614,469
1004,528,614,480
1005,528,614,1400
1006,528,614,1521
1007,528,614,1624
1008,529,616,None
1009,530,1329,None
1010,531,1329,None
1011,532,1329,None
1012,533,1840,None
1013,534,1329,None
1014,535,1329,None
1015,536,1492,None
1016,537,272,None
1017,538,1329,None
1018,539,53,None
1019,540,272,None
1020,541,1329,None
1021,542,100,None
1022,543,1628,None
1023,544,545,None
1024,545,315,544
1025,546,1329,None
1026,547,1331,None
1027,548,1329,None
1028,549,1329,None
1029,550,551,None
1030,551,1089,17
1031,551,1089,229
1032,551,1089,231
1033,551,1089,550
1034,551,1089,736
1035,551,1089,737
1036,551,1089,1463
1037,551,1089,1655
1038,552,1705,229
1039,552,1705,231
1040,553,1329,None
1041,554,1527,None
1042,555,1387,None
1043,556,1365,None
1044,557,1329,None
1045,558,1365,None
1046,559,1329,None
1047,560,1793,None
1048,561,1332,None
1049,562,682,None
1050,563,315,None
1051,564,272,None
1052,565,1329,None
1053,566,1329,None
1054,567,1329,None
1055,568,1329,None
1056,569,1329,None
1057,570,1329,None
1058,571,1329,None
1059,572,574,481
1060,572,574,699
1061,573,1329,None
1062,574,1625,234
1063,574,1625,572
1064,574,1625,1148
1065,575,1793,None
1066,576,1329,None
1067,577,1329,None
1068,578,1527,None
1069,579,1329,None
1070,580,1329,None
1071,581,1329,None
1072,582,1329,None
1073,583,1094,None
1074,584,42,36
1075,584,42,126
1076,584,42,655
1077,584,42,882
1078,584,42,1704
1079,584,42,1856
1080,585,1329,None
1081,586,293,None
1082,587,1805,None
1083,588,1793,None
1084,589,244,442
1085,590,1329,None
1086,591,1330,None
1087,592,1573,None
1088,593,1329,None
1089,594,1153,None
1090,595,108,None
1091,595,626,None
1092,596,1329,None
1093,597,99,None
1094,598,1353,None
1095,599,1353,None
1096,600,99,1600
1097,601,484,None
1098,602,1329,None
1099,603,1329,None
1100,604,1329,None
1101,605,1329,None
1102,606,1329,None
1103,607,394,None
1104,607,394,None
1105,608,1330,None
1106,609,1329,None
1107,610,1793,None
1108,611,898,None
1109,612,1329,None
1110,613,616,720
1111,613,616,804
1112,613,616,1598
1113,613,616,1708
1114,613,614,720
1115,613,614,804
1116,613,614,1598
1117,613,614,1708
1118,614,97,26
1119,614,97,224
1120,614,97,394
1121,614,97,528
1122,614,97,613
1123,614,97,810
1124,614,97,1516
1125,614,97,1548
1126,614,97,1687
1127,615,1331,None
1128,616,347,14
1129,616,347,26
1130,616,347,224
1131,616,347,382
1132,616,347,394
1133,616,347,528
1134,616,347,529
1135,616,347,613
1136,616,347,810
1137,616,347,1467
1138,616,347,1516
1139,616,347,1548
1140,616,347,1687
1141,616,484,None
1142,617,1329,None
1143,618,1331,None
1144,619,177,None
1145,620,1329,None
1146,621,484,None
1147,622,1329,None
1148,623,1329,None
1149,624,1292,177
1150,624,1292,713
1151,624,1292,765
1152,624,1292,827
1153,624,1292,898
1154,624,1292,900
1155,624,1292,1385
1156,624,1292,1386
1157,624,1292,1550
1158,624,1292,1645
1159,625,108,None
1160,626,130,389
1161,626,130,595
1162,627,1332,None
1163,628,630,None
1164,629,682,None
1165,630,347,19
1166,630,347,628
1167,630,347,663
1168,630,347,836
1169,630,347,925
1170,631,1329,None
1171,632,1329,None
1172,633,1329,None
1173,634,1329,None
1174,635,1329,None
1175,636,1035,None
1176,637,1329,None
1177,638,1329,None
1178,639,1329,None
1179,640,1329,None
1180,641,1329,None
1181,642,1329,None
1182,643,101,None
1183,644,101,None
1184,645,102,None
1185,646,1329,None
1186,647,1329,None
1187,648,1793,None
1188,649,1329,None
1189,650,138,None
1190,651,660,None
1191,652,272,None
1192,653,1329,None
1193,654,1272,None
1194,655,584,None
1195,656,1329,None
1196,657,1329,None
1197,658,742,None
1198,659,1387,None
1199,660,122,11
1200,660,122,25
1201,660,122,34
1202,660,122,38
1203,660,122,57
1204,660,122,121
1205,660,122,127
1206,660,122,152
1207,660,122,165
1208,660,122,166
1209,660,122,176
1210,660,122,191
1211,660,122,215
1212,660,122,223
1213,660,122,271
1214,660,122,326
1215,660,122,329
1216,660,122,336
1217,660,122,348
1218,660,122,357
1219,660,122,426
1220,660,122,470
1221,660,122,651
1222,660,122,665
1223,660,122,746
1224,660,122,863
1225,660,122,886
1226,660,122,964
1227,660,122,1033
1228,660,122,1134
1229,660,122,1183
1230,660,122,1216
1231,660,122,1323
1232,660,122,1355
1233,660,122,1360
1234,660,122,1362
1235,660,122,1537
1236,660,122,1566
1237,660,122,1625
1238,660,122,1628
1239,660,122,1711
1240,660,122,1861
1241,661,293,None
1242,662,1625,None
1243,663,630,None
1244,664,244,342
1245,664,244,665
1246,664,244,681
1247,664,244,683
1248,664,244,1829
1249,665,664,None
1250,665,660,None
1251,666,838,None
1252,667,1329,None
1253,668,108,None
1254,669,1329,None
1255,670,1329,None
1256,671,255,None
1257,671,255,None
1258,672,186,None
1259,673,1329,None
1260,674,1329,None
1261,675,1705,None
1262,676,99,None
1263,677,1705,None
1264,678,1329,None
1265,679,1329,None
1266,680,1272,None
1267,681,664,None
1268,682,1234,29
1269,682,1234,32
1270,682,1234,178
1271,682,1234,299
1272,682,1234,251
1273,682,1234,269
1274,682,1234,281
1275,682,1234,288
1276,682,1234,355
1277,682,1234,374
1278,682,1234,386
1279,682,1234,435
1280,682,1234,437
1281,682,1234,453
1282,682,1234,488
1283,682,1234,506
1284,682,1234,513
1285,682,1234,562
1286,682,1234,629
1287,682,1234,698
1288,682,1234,735
1289,682,1234,745
1290,682,1234,749
1291,682,1234,773
1292,682,1234,781
1293,682,1234,816
1294,682,1234,865
1295,682,1234,893
1296,682,1234,967
1297,682,1234,1055
1298,682,1234,1077
1299,682,1234,980
1300,682,1234,983
1301,682,1234,988
1302,682,1234,995
1303,682,1234,1015
1304,682,1234,1019
1305,682,1234,1021
1306,682,1234,1026
1307,682,1234,1029
1308,682,1234,1027
1309,682,1234,1030
1310,682,1234,1062
1311,682,1234,1104
1312,682,1234,1151
1313,682,1234,1096
1314,682,1234,1125
1315,682,1234,1144
1316,682,1234,1147
1317,682,1234,1166
1318,682,1234,1184
1319,682,1234,1192
1320,682,1234,1201
1321,682,1234,1223
1322,682,1234,1231
1323,682,1234,1233
1324,682,1234,1243
1325,682,1234,1253
1326,682,1234,1269
1327,682,1234,1282
1328,682,1234,1305
1329,682,1234,1320
1330,682,1234,1339
1331,682,1234,1369
1332,682,1234,1390
1333,682,1234,1420
1334,682,1234,1426
1335,682,1234,1450
1336,682,1234,1478
1337,682,1234,1485
1338,682,1234,1487
1339,682,1234,1495
1340,682,1234,1514
1341,682,1234,1520
1342,682,1234,1648
1343,682,1234,1581
1344,682,1234,1580
1345,682,1234,1575
1346,682,1234,1579
1347,682,1234,1649
1348,682,1234,1669
1349,682,1234,1684
1350,682,1234,1701
1351,682,1234,1722
1352,682,1234,1725
1353,682,1234,1737
1354,682,1234,1761
1355,682,1234,1773
1356,682,1234,1846
1357,683,664,None
1358,684,1329,None
1359,685,1329,None
1360,686,1329,None
1361,687,810,None
1362,687,810,None
1363,688,1329,None
1364,689,1329,None
1365,690,742,None
1366,691,1687,None
1367,691,1687,None
1368,692,1329,None
1369,693,108,None
1370,694,1329,None
1371,695,1582,None
1372,696,1805,None
1373,697,1793,None
1374,698,682,None
1375,699,1292,None
1376,699,1329,None
1377,699,572,None
1378,700,1793,None
1379,701,1329,None
1380,702,1329,None
1381,703,1329,None
1382,704,1329,None
1383,705,1329,None
1384,706,1329,None
1385,707,1329,None
1386,708,1272,None
1387,709,1365,None
1388,710,1329,None
1389,711,1386,None
1390,712,99,None
1391,713,1489,None
1392,713,624,None
1393,714,1329,None
1394,715,99,None
1395,715,1840,None
1396,716,1329,None
1397,717,1329,None
1398,718,99,None
1399,719,1330,None
1400,720,613,None
1401,720,613,None
1402,721,1329,None
1403,722,1329,None
1404,723,1329,None
1405,724,248,None
1406,725,1329,None
1407,726,1714,None
1408,727,887,None
1409,728,1091,None
1410,729,43,None
1411,730,1329,None
1412,731,1237,None
1413,732,887,None
1414,733,1781,None
1415,734,272,None
1416,735,682,None
1417,736,551,None
1418,737,551,None
1419,738,1330,None
1420,739,97,None
1421,740,1329,None
1422,741,1329,None
1423,742,1692,371
1424,742,1692,379
1425,742,1692,461
1426,742,1692,658
1427,742,1692,690
1428,742,1692,774
1429,742,1692,1028
1430,742,1692,1411
1431,742,1692,1676
1432,742,1692,1719
1433,742,1692,1784
1434,743,1235,None
1435,744,101,None
1436,745,682,None
1437,745,1697,None
1438,746,660,None
1439,747,1330,None
1440,748,1329,None
1441,749,682,None
1442,750,1329,None
1443,751,1489,None
1444,752,1329,None
1445,753,1582,None
1446,754,1689,None
1447,755,1086,None
1448,756,1329,None
1449,757,1329,None
1450,758,97,None
1451,759,1705,None
1452,760,1559,None
1453,761,1793,None
1454,762,1329,None
1455,763,1307,None
1456,764,1645,None
1457,765,624,None
1458,766,1329,None
1459,767,1317,None
1460,767,987,None
1461,767,1353,None
1462,767,1353,None
1463,768,1365,None
1464,769,1329,None
1465,770,26,None
1466,770,26,None
1467,771,394,None
1468,771,394,None
1469,772,1365,None
1470,773,682,None
1471,774,742,None
1472,775,1329,None
1473,776,1365,None
1474,777,26,None
1475,777,26,None
1476,778,394,None
1477,778,394,None
1478,779,1793,None
1479,780,265,None
1480,781,682,None
1481,781,1413,None
1482,782,1689,None
1483,783,1705,789
1484,784,1329,None
1485,785,1329,None
1486,786,286,None
1487,787,293,None
1488,787,1805,356
1489,787,1805,1609
1490,788,384,None
1491,789,783,None
1492,789,1329,None
1493,790,108,None
1494,791,1329,None
1495,792,1329,None
1496,793,1781,None
1497,794,1329,None
1498,795,838,None
1499,796,97,None
1500,797,345,797
1501,798,248,None
1502,799,248,None
1503,800,248,1759
1504,801,248,None
1505,802,122,246
1506,802,122,247
1507,802,122,248
1508,803,135,None
1509,804,613,None
1510,804,613,None
1511,805,1329,None
1512,806,1776,None
1513,807,108,None
1514,808,1329,None
1515,809,1329,None
1516,810,616,687
1517,810,616,810
1518,810,1776,None
1519,810,614,687
1520,810,614,810
1521,810,1385,None
1522,811,1550,None
1523,812,1329,None
1524,813,45,None
1525,814,43,None
1526,815,1730,1389
1527,815,1730,1777
1528,816,682,None
1529,817,325,None
1530,818,1329,None
1531,819,1497,None
1532,820,244,None
1533,821,1262,None
1534,822,1480,None
1535,823,1793,None
1536,824,1329,None
1537,825,1726,None
1538,826,827,None
1539,827,624,104
1540,827,624,174
1541,827,624,826
1542,827,624,1559
1543,828,1329,None
1544,828,1365,None
1545,829,1329,None
1546,830,43,None
1547,831,444,None
1548,832,1793,None
1549,833,1329,None
1550,834,1329,None
1551,835,99,None
1552,836,630,None
1553,837,838,None
1554,838,347,74
1555,838,347,666
1556,838,347,795
1557,838,347,837
1558,838,347,839
1559,838,347,873
1560,838,347,1510
1561,838,347,1764
1562,839,838,None
1563,840,99,None
1564,841,99,None
1565,842,1489,None
1566,843,1353,None
1567,844,99,377
1568,844,99,1511
1569,844,865,156
1570,845,1489,None
1571,846,99,None
1572,847,99,None
1573,848,346,None
1574,849,1329,None
1575,850,1329,None
1576,851,1548,None
1577,851,1548,None
1578,852,1329,None
1579,853,1329,None
1580,854,484,None
1581,855,1329,None
1582,856,1145,None
1583,856,1329,None
1584,857,1705,None
1585,858,1329,None
1586,859,1329,None
1587,860,1329,None
1588,861,1329,None
1589,862,272,None
1590,863,660,None
1591,864,1805,None
1592,865,333,1739
1593,865,333,1743
1594,865,682,None
1595,865,1698,1499
1596,865,1698,391
1597,865,1698,1224
1598,865,972,16
1599,865,972,844
1600,865,972,1226
1601,866,1329,None
1602,867,1705,None
1603,868,1329,None
1604,869,1329,None
1605,870,1329,None
1606,871,101,408
1607,871,1497,None
1608,872,1329,None
1609,873,838,None
1610,874,265,None
1611,875,346,None
1612,876,1329,None
1613,877,1089,940
1614,877,1089,1008
1615,877,1089,1568
1616,878,1705,None
1617,879,40,44
1618,879,40,134
1619,879,40,307
1620,879,40,1169
1621,879,40,1423
1622,879,40,1443
1623,879,40,1768
1624,879,40,1855
1625,880,99,None
1626,881,1329,None
1627,882,119,None
1628,882,584,None
1629,883,244,31
1630,884,1628,151
1631,884,1628,167
1632,884,1628,384
1633,885,1314,None
1634,886,244,None
1635,886,660,None
1636,887,40,65
1637,887,40,136
1638,887,40,235
1639,887,40,401
1640,887,40,727
1641,887,40,732
1642,887,40,1613
1643,887,40,1844
1644,888,99,None
1645,889,1329,None
1646,890,349,None
1647,890,1329,None
1648,891,102,None
1649,892,1236,None
1650,893,682,None
1651,893,1236,None
1652,894,1083,None
1653,895,1329,None
1654,896,1329,None
1655,897,1329,None
1656,898,624,611
1657,898,624,1274
1658,898,624,1430
1659,898,624,1529
1660,898,624,1783
1661,899,1330,None
1662,900,624,None
1663,901,100,None
1664,902,1329,None
1665,903,1329,None
1666,904,99,None
1667,905,1329,None
1668,906,1329,None
1669,907,346,None
1670,908,1329,None
1671,909,444,None
1672,910,1329,None
1673,911,272,None
1674,911,1329,None
1675,912,1329,None
1676,913,1365,None
1677,914,1329,None
1678,915,1365,None
1679,916,1332,None
1680,917,1329,None
1681,918,272,None
1682,919,1365,None
1683,920,1365,None
1684,921,1365,None
1685,922,1365,None
1686,923,1329,None
1687,924,1329,None
1688,925,630,None
1689,926,1329,None
1690,927,1329,None
1691,928,1365,None
1692,929,1329,None
1693,930,1365,None
1694,931,1329,None
1695,932,293,None
1696,933,293,None
1697,934,1329,None
1698,935,293,None
1699,936,1329,None
1700,937,1329,None
1701,938,1705,None
1702,939,1793,None
1703,940,877,None
1704,941,78,None
1705,942,1329,None
1706,943,1840,None
1707,944,1329,None
1708,945,1329,None
1709,946,1413,None
1710,947,1365,None
1711,948,1329,None
1712,949,1365,None
1713,950,1329,None
1714,951,1329,None
1715,952,265,None
1716,953,1329,None
1717,954,1329,None
1718,955,1329,None
1719,956,1329,None
1720,957,1793,None
1721,958,1329,None
1722,959,1793,None
1723,960,1329,None
1724,961,1793,None
1725,962,53,None
1726,963,53,None
1727,964,1329,None
1728,964,660,None
1729,965,346,None
1730,966,1329,None
1731,967,682,None
1732,968,1329,None
1733,969,1329,None
1734,970,1090,None
1735,971,1329,None
1736,972,244,355
1737,972,244,521
1738,972,244,865
1739,972,244,973
1740,972,244,1580
1741,973,1497,1578
1742,973,972,None
1743,974,1329,None
1744,975,108,None
1745,976,1329,None
1746,977,1329,None
1747,978,1329,None
1748,979,102,None
1749,980,682,None
1750,981,1332,None
1751,982,1329,None
1752,983,682,None
1753,983,1329,None
1754,984,102,None
1755,985,102,None
1756,986,102,None
1757,987,1235,767
1758,987,1235,1314
1759,987,1235,1642
1760,988,682,None
1761,988,1329,None
1762,989,224,None
1763,989,224,None
1764,990,1329,None
1765,991,1329,None
1766,992,1329,None
1767,993,1573,None
1768,993,1329,None
1769,994,333,None
1770,995,682,None
1771,996,1329,None
1772,997,1329,None
1773,998,1329,None
1774,999,1329,None
1775,1000,1705,None
1776,1001,1793,None
1777,1002,1329,None
1778,1003,1496,None
1779,1003,1705,None
1780,1003,1329,None
1781,1004,1329,None
1782,1005,1329,None
1783,1006,1331,None
1784,1007,1705,None
1785,1008,877,None
1786,1009,1329,None
1787,1010,1492,None
1788,1011,1489,None
1789,1012,1329,None
1790,1013,1492,None
1791,1014,1329,None
1792,1015,682,None
1793,1016,333,None
1794,1017,1365,None
1795,1018,1365,None
1796,1019,682,None
1797,1020,1329,None
1798,1021,682,None
1799,1022,1856,None
1800,1023,394,None
1801,1023,394,None
1802,1024,1489,None
1803,1025,1330,None
1804,1026,682,None
1805,1027,682,None
1806,1028,742,None
1807,1029,682,None
1808,1030,682,None
1809,1031,102,None
1810,1032,1329,None
1811,1033,660,None
1812,1034,1793,None
1813,1035,286,None
1814,1035,1705,636
1815,1035,1705,1039
1816,1035,1705,1065
1817,1035,1705,1203
1818,1035,1705,1222
1819,1035,1705,1361
1820,1035,1705,1706
1821,1036,484,None
1822,1037,1329,None
1823,1038,1329,None
1824,1039,1491,None
1825,1039,1035,None
1826,1040,1329,None
1827,1041,1272,None
1828,1042,1781,None
1829,1043,1497,102
1830,1043,1497,338
1831,1043,1497,1150
1832,1043,1497,1599
1833,1044,1329,None
1834,1045,1329,None
1835,1046,1329,None
1836,1047,108,None
1837,1048,1365,None
1838,1049,1092,None
1839,1050,1092,None
1840,1051,1329,None
1841,1052,1329,None
1842,1053,1329,None
1843,1054,102,None
1844,1055,682,None
1845,1056,1329,None
1846,1057,1329,None
1847,1058,78,None
1848,1058,1793,None
1849,1059,1329,None
1850,1060,1329,None
1851,1061,1329,None
1852,1062,682,None
1853,1063,130,None
1854,1063,1793,None
1855,1064,1705,None
1856,1064,1329,None
1857,1065,1491,None
1858,1065,1035,None
1859,1066,1793,None
1860,1067,1332,None
1861,1068,1482,None
1862,1069,108,None
1863,1070,1329,None
1864,1071,1329,None
1865,1072,1582,None
1866,1073,1329,None
1867,1074,1329,None
1868,1075,1329,None
1869,1076,1329,None
1870,1077,682,None
1871,1078,1365,None
1872,1079,1329,None
1873,1080,45,None
1874,1081,1497,1353
1875,1081,1497,1659
1876,1081,244,100
1877,1081,244,237
1878,1081,244,1086
1879,1081,244,1089
1880,1081,244,1090
1881,1081,244,1091
1882,1081,244,1092
1883,1081,244,1093
1884,1081,244,1329
1885,1081,244,1365
1886,1081,1625,1262
1887,1082,1093,1793
1888,1083,1090,124
1889,1083,1090,363
1890,1083,1090,527
1891,1083,1090,894
1892,1084,1329,None
1893,1085,1093,1307
1894,1085,1093,1428
1895,1086,1081,755
1896,1086,1081,1735
1897,1086,1081,1837
1898,1087,1329,None
1899,1088,1093,458
1900,1088,1093,1558
1901,1088,1093,1754
1902,1089,1081,286
1903,1089,1081,484
1904,1089,1081,551
1905,1089,1081,877
1906,1089,1081,1145
1907,1089,1081,1331
1908,1089,1081,1491
1909,1089,1081,1492
1910,1089,1081,1496
1911,1089,1081,1582
1912,1089,1081,1705
1913,1089,1081,1805
1914,1090,1081,1083
1915,1090,1081,1090
1916,1091,1081,459
1917,1091,1081,728
1918,1092,1081,1049
1919,1092,1081,1050
1920,1093,1081,1082
1921,1093,1081,1085
1922,1093,1081,1088
1923,1094,101,282
1924,1094,101,349
1925,1094,101,583
1926,1094,101,1536
1927,1094,1235,None
1928,1095,1781,None
1929,1096,682,None
1930,1097,99,None
1931,1098,1272,None
1932,1098,1329,None
1933,1099,1332,None
1934,1100,1793,None
1935,1101,1329,None
1936,1102,99,None
1937,1103,1365,None
1938,1104,682,None
1939,1105,1329,None
1940,1106,1329,None
1941,1107,1329,None
1942,1108,272,None
1943,1109,1329,None
1944,1110,108,None
1945,1111,1329,None
1946,1112,1329,None
1947,1113,1329,None
1948,1114,1329,None
1949,1115,1329,None
1950,1116,1329,None
1951,1117,1489,None
1952,1118,1329,None
1953,1119,1329,None
1954,1120,265,None
1955,1121,1329,None
1956,1122,1329,None
1957,1123,1329,None
1958,1124,224,None
1959,1124,224,None
1960,1125,682,None
1961,1126,1153,None
1962,1127,1329,None
1963,1128,1329,None
1964,1129,1329,None
1965,1130,1329,None
1966,1131,1329,None
1967,1132,1329,None
1968,1133,293,None
1969,1134,660,None
1970,1135,1329,None
1971,1136,1489,None
1972,1137,1329,None
1973,1138,1329,None
1974,1139,272,None
1975,1140,1365,None
1976,1141,1329,None
1977,1142,1329,None
1978,1143,265,None
1979,1144,682,None
1980,1145,1697,None
1981,1145,1089,856
1982,1145,1089,1147
1983,1146,1329,None
1984,1147,682,None
1985,1147,1145,None
1986,1148,574,81
1987,1148,574,1350
1988,1149,1332,None
1989,1150,1043,None
1990,1151,682,None
1991,1152,452,1262
1992,1153,159,7
1993,1153,159,45
1994,1153,159,594
1995,1153,159,1126
1996,1153,159,1587
1997,1154,1329,None
1998,1155,1365,None
1999,1156,1365,None
2000,1157,1329,None
2001,1158,1365,None
2002,1159,1428,None
2003,1160,327,None
2004,1161,1856,None
2005,1162,1329,None
2006,1163,1389,None
2007,1164,43,None
2008,1165,1329,None
2009,1166,682,None
2010,1167,1705,67
2011,1167,1705,1246
2012,1168,1793,None
2013,1169,879,None
2014,1170,272,None
2015,1171,1329,None
2016,1172,1793,None
2017,1173,1307,None
2018,1174,1329,None
2019,1175,99,None
2020,1176,1244,None
2021,1177,346,None
2022,1178,1329,None
2023,1179,1272,None
2024,1180,1272,None
2025,1181,248,None
2026,1182,1329,None
2027,1183,660,None
2028,1184,682,None
2029,1185,333,None
2030,1186,1489,None
2031,1187,1489,None
2032,1188,1329,None
2033,1189,1329,None
2034,1190,1329,None
2035,1191,1329,None
2036,1192,505,None
2037,1192,682,None
2038,1193,283,None
2039,1193,1329,None
2040,1194,1329,None
2041,1195,1329,None
2042,1196,1329,None
2043,1197,484,None
2044,1198,1329,None
2045,1199,1329,None
2046,1200,1329,None
2047,1201,682,None
2048,1202,1329,None
2049,1203,1035,None
2050,1204,186,None
2051,1205,1329,None
2052,1206,1329,None
2053,1207,1329,None
2054,1208,1329,None
2055,1209,1793,None
2056,1210,1329,None
2057,1211,1329,None
2058,1212,1329,None
2059,1213,1489,None
2060,1214,1329,None
2061,1215,1491,None
2062,1216,660,None
2063,1217,1329,None
2064,1218,1329,None
2065,1219,1329,None
2066,1220,1329,None
2067,1221,186,None
2068,1222,1409,None
2069,1222,1035,None
2070,1223,682,None
2071,1224,865,None
2072,1225,333,None
2073,1226,865,391
2074,1226,865,1227
2075,1226,865,1499
2076,1226,865,1739
2077,1227,1226,None
2078,1228,1365,None
2079,1229,1329,None
2080,1230,1329,None
2081,1231,682,None
2082,1231,1692,None
2083,1232,333,None
2084,1233,682,None
2085,1234,98,101
2086,1234,98,333
2087,1234,98,682
2088,1234,98,1237
2089,1234,98,1692
2090,1234,98,1497
2091,1234,98,1698
2092,1235,100,159
2093,1235,100,161
2094,1235,100,477
2095,1235,100,743
2096,1235,100,987
2097,1235,100,1094
2098,1235,100,1450
2099,1235,100,1644
2100,1235,100,1743
2101,1235,100,1746
2102,1236,1237,30
2103,1236,1237,51
2104,1236,1237,76
2105,1236,1237,77
2106,1236,1237,137
2107,1236,1237,145
2108,1236,1237,253
2109,1236,1237,892
2110,1236,1237,893
2111,1236,1237,1252
2112,1236,1237,1745
2113,1236,1237,1747
2114,1236,1237,1869
2115,1237,1234,272
2116,1237,1234,731
2117,1237,1234,1272
2118,1237,1234,1236
2119,1237,1234,1332
2120,1237,1234,1742
2121,1237,1234,1781
2122,1238,101,None
2123,1239,101,None
2124,1240,1329,None
2125,1241,1272,None
2126,1242,333,None
2127,1243,682,None
2128,1244,99,168
2129,1244,99,1176
2130,1245,1329,None
2131,1246,1167,None
2132,1247,1329,None
2133,1248,1329,None
2134,1249,272,None
2135,1250,1329,None
2136,1251,1329,None
2137,1252,1236,None
2138,1253,682,None
2139,1254,1329,None
2140,1255,1329,None
2141,1256,384,None
2142,1257,1329,None
2143,1258,1329,None
2144,1259,1329,None
2145,1260,1329,None
2146,1261,1329,None
2147,1262,1152,108
2148,1262,1152,265
2149,1262,1081,821
2150,1262,1081,1361
2151,1262,1081,1482
2152,1263,108,None
2153,1264,1329,None
2154,1265,1329,None
2155,1266,1329,None
2156,1267,1329,None
2157,1268,1332,None
2158,1268,1329,None
2159,1269,682,None
2160,1270,1329,None
2161,1271,1272,None
2162,1272,1237,90
2163,1272,1237,94
2164,1272,1237,109
2165,1272,1237,270
2166,1272,1237,308
2167,1272,1237,392
2168,1272,1237,464
2169,1272,1237,499
2170,1272,1237,458
2171,1272,1237,494
2172,1272,1237,654
2173,1272,1237,680
2174,1272,1237,708
2175,1272,1237,1041
2176,1272,1237,1098
2177,1272,1237,1179
2178,1272,1237,1180
2179,1272,1237,1271
2180,1272,1237,1241
2181,1272,1237,1473
2182,1272,1237,1531
2183,1272,1237,1750
2184,1272,1237,1795
2185,1272,1237,1631
2186,1273,1332,None
2187,1274,898,None
2188,1275,1329,None
2189,1276,265,None
2190,1277,1329,None
2191,1278,1329,None
2192,1279,255,None
2193,1279,255,None
2194,1280,1793,None
2195,1281,484,None
2196,1282,682,None
2197,1283,244,None
2198,1284,1329,None
2199,1285,1489,None
2200,1286,1694,None
2201,1287,1329,None
2202,1288,1329,None
2203,1289,1329,None
2204,1290,99,None
2205,1291,99,None
2206,1292,1840,97
2207,1292,1840,99
2208,1292,1840,624
2209,1292,1840,699
2210,1292,1840,1330
2211,1293,1331,None
2212,1294,1365,None
2213,1295,1329,None
2214,1296,346,None
2215,1297,1329,None
2216,1298,97,None
2217,1299,1331,None
2218,1299,1793,None
2219,1300,1332,None
2220,1301,1329,None
2221,1302,1692,1726
2222,1303,1698,None
2223,1304,333,None
2224,1305,682,None
2225,1306,43,None
2226,1307,1085,8
2227,1307,1085,91
2228,1307,1085,252
2229,1307,1085,302
2230,1307,1085,763
2231,1307,1085,1173
2232,1307,1085,1439
2233,1307,1085,1736
2234,1307,1085,1769
2235,1308,41,1309
2236,1308,41,1310
2237,1308,41,1312
2238,1308,41,1472
2239,1308,41,1736
2240,1309,1308,None
2241,1310,1308,None
2242,1311,1329,None
2243,1312,1308,None
2244,1313,99,None
2245,1314,99,885
2246,1314,1317,158
2247,1314,99,None
2248,1314,987,None
2249,1314,1353,None
2250,1314,1353,None
2251,1315,101,None
2252,1316,1489,None
2253,1317,99,767
2254,1317,99,1314
2255,1318,293,None
2256,1319,1329,None
2257,1320,682,None
2258,1321,1329,None
2259,1322,1329,None
2260,1323,660,None
2261,1324,1705,None
2262,1325,1491,None
2263,1326,1329,None
2264,1327,1365,None
2265,1328,53,None
2266,1329,1081,9
2267,1329,1081,10
2268,1329,1081,12
2269,1329,1081,16
2270,1329,1081,18
2271,1329,1081,20
2272,1329,1081,21
2273,1329,1081,22
2274,1329,1081,23
2275,1329,1081,46
2276,1329,1081,47
2277,1329,1081,48
2278,1329,1081,51
2279,1329,1081,52
2280,1329,1081,54
2281,1329,1081,55
2282,1329,1081,56
2283,1329,1081,62
2284,1329,1081,63
2285,1329,1081,64
2286,1329,1081,75
2287,1329,1081,82
2288,1329,1081,83
2289,1329,1081,84
2290,1329,1081,87
2291,1329,1081,88
2292,1329,1081,89
2293,1329,1081,91
2294,1329,1081,92
2295,1329,1081,93
2296,1329,1081,95
2297,1329,1081,103
2298,1329,1081,106
2299,1329,1081,107
2300,1329,1081,111
2301,1329,1081,113
2302,1329,1081,114
2303,1329,1081,118
2304,1329,1081,120
2305,1329,1081,141
2306,1329,1081,169
2307,1329,1081,178
2308,1329,1081,179
2309,1329,1081,180
2310,1329,1081,183
2311,1329,1081,184
2312,1329,1081,185
2313,1329,1081,188
2314,1329,1081,189
2315,1329,1081,193
2316,1329,1081,195
2317,1329,1081,196
2318,1329,1081,199
2319,1329,1081,204
2320,1329,1081,206
2321,1329,1081,207
2322,1329,1081,210
2323,1329,1081,211
2324,1329,1081,213
2325,1329,1081,215
2326,1329,1081,216
2327,1329,1081,221
2328,1329,1081,227
2329,1329,1081,228
2330,1329,1081,233
2331,1329,1081,240
2332,1329,1081,241
2333,1329,1081,243
2334,1329,1081,251
2335,1329,1081,254
2336,1329,1081,257
2337,1329,1081,258
2338,1329,1081,259
2339,1329,1081,261
2340,1329,1081,262
2341,1329,1081,263
2342,1329,1081,264
2343,1329,1081,266
2344,1329,1081,274
2345,1329,1081,278
2346,1329,1081,279
2347,1329,1081,285
2348,1329,1081,289
2349,1329,1081,291
2350,1329,1081,294
2351,1329,1081,296
2352,1329,1081,297
2353,1329,1081,298
2354,1329,1081,304
2355,1329,1081,305
2356,1329,1081,313
2357,1329,1081,314
2358,1329,1081,317
2359,1329,1081,328
2360,1329,1081,331
2361,1329,1081,332
2362,1329,1081,350
2363,1329,1081,352
2364,1329,1081,353
2365,1329,1081,354
2366,1329,1081,361
2367,1329,1081,362
2368,1329,1081,364
2369,1329,1081,365
2370,1329,1081,366
2371,1329,1081,367
2372,1329,1081,368
2373,1329,1081,369
2374,1329,1081,370
2375,1329,1081,373
2376,1329,1081,399
2377,1329,1081,400
2378,1329,1081,402
2379,1329,1081,403
2380,1329,1081,407
2381,1329,1081,409
2382,1329,1081,410
2383,1329,1081,413
2384,1329,1081,414
2385,1329,1081,415
2386,1329,1081,416
2387,1329,1081,417
2388,1329,1081,422
2389,1329,1081,423
2390,1329,1081,424
2391,1329,1081,425
2392,1329,1081,427
2393,1329,1081,429
2394,1329,1081,431
2395,1329,1081,432
2396,1329,1081,433
2397,1329,1081,434
2398,1329,1081,436
2399,1329,1081,439
2400,1329,1081,440
2401,1329,1081,445
2402,1329,1081,446
2403,1329,1081,448
2404,1329,1081,454
2405,1329,1081,455
2406,1329,1081,456
2407,1329,1081,460
2408,1329,1081,466
2409,1329,1081,468
2410,1329,1081,471
2411,1329,1081,473
2412,1329,1081,474
2413,1329,1081,475
2414,1329,1081,478
2415,1329,1081,481
2416,1329,1081,489
2417,1329,1081,490
2418,1329,1081,492
2419,1329,1081,495
2420,1329,1081,496
2421,1329,1081,500
2422,1329,1081,502
2423,1329,1081,507
2424,1329,1081,508
2425,1329,1081,510
2426,1329,1081,514
2427,1329,1081,515
2428,1329,1081,516
2429,1329,1081,517
2430,1329,1081,519
2431,1329,1081,520
2432,1329,1081,522
2433,1329,1081,530
2434,1329,1081,531
2435,1329,1081,532
2436,1329,1081,534
2437,1329,1081,535
2438,1329,1081,538
2439,1329,1081,541
2440,1329,1081,546
2441,1329,1081,548
2442,1329,1081,549
2443,1329,1081,553
2444,1329,1081,557
2445,1329,1081,559
2446,1329,1081,565
2447,1329,1081,566
2448,1329,1081,567
2449,1329,1081,568
2450,1329,1081,569
2451,1329,1081,570
2452,1329,1081,571
2453,1329,1081,573
2454,1329,1081,576
2455,1329,1081,577
2456,1329,1081,579
2457,1329,1081,580
2458,1329,1081,581
2459,1329,1081,582
2460,1329,1081,585
2461,1329,1081,590
2462,1329,1081,593
2463,1329,1081,596
2464,1329,1081,602
2465,1329,1081,603
2466,1329,1081,604
2467,1329,1081,605
2468,1329,1081,606
2469,1329,1081,609
2470,1329,1081,612
2471,1329,1081,617
2472,1329,1081,620
2473,1329,1081,622
2474,1329,1081,623
2475,1329,1081,631
2476,1329,1081,632
2477,1329,1081,633
2478,1329,1081,634
2479,1329,1081,635
2480,1329,1081,637
2481,1329,1081,638
2482,1329,1081,639
2483,1329,1081,640
2484,1329,1081,641
2485,1329,1081,642
2486,1329,1081,646
2487,1329,1081,647
2488,1329,1081,649
2489,1329,1081,653
2490,1329,1081,656
2491,1329,1081,657
2492,1329,1081,667
2493,1329,1081,669
2494,1329,1081,670
2495,1329,1081,673
2496,1329,1081,674
2497,1329,1081,678
2498,1329,1081,679
2499,1329,1081,684
2500,1329,1081,685
2501,1329,1081,686
2502,1329,1081,688
2503,1329,1081,689
2504,1329,1081,692
2505,1329,1081,694
2506,1329,1081,699
2507,1329,1081,701
2508,1329,1081,702
2509,1329,1081,703
2510,1329,1081,704
2511,1329,1081,705
2512,1329,1081,706
2513,1329,1081,707
2514,1329,1081,710
2515,1329,1081,714
2516,1329,1081,716
2517,1329,1081,717
2518,1329,1081,721
2519,1329,1081,722
2520,1329,1081,723
2521,1329,1081,725
2522,1329,1081,730
2523,1329,1081,740
2524,1329,1081,741
2525,1329,1081,748
2526,1329,1081,750
2527,1329,1081,752
2528,1329,1081,756
2529,1329,1081,757
2530,1329,1081,762
2531,1329,1081,766
2532,1329,1081,769
2533,1329,1081,775
2534,1329,1081,784
2535,1329,1081,785
2536,1329,1081,789
2537,1329,1081,791
2538,1329,1081,792
2539,1329,1081,794
2540,1329,1081,805
2541,1329,1081,808
2542,1329,1081,809
2543,1329,1081,812
2544,1329,1081,818
2545,1329,1081,824
2546,1329,1081,828
2547,1329,1081,829
2548,1329,1081,833
2549,1329,1081,834
2550,1329,1081,849
2551,1329,1081,850
2552,1329,1081,852
2553,1329,1081,853
2554,1329,1081,855
2555,1329,1081,856
2556,1329,1081,858
2557,1329,1081,859
2558,1329,1081,860
2559,1329,1081,861
2560,1329,1081,866
2561,1329,1081,868
2562,1329,1081,869
2563,1329,1081,870
2564,1329,1081,872
2565,1329,1081,876
2566,1329,1081,881
2567,1329,1081,889
2568,1329,1081,890
2569,1329,1081,895
2570,1329,1081,896
2571,1329,1081,897
2572,1329,1081,902
2573,1329,1081,903
2574,1329,1081,905
2575,1329,1081,906
2576,1329,1081,908
2577,1329,1081,910
2578,1329,1081,911
2579,1329,1081,912
2580,1329,1081,914
2581,1329,1081,917
2582,1329,1081,923
2583,1329,1081,924
2584,1329,1081,926
2585,1329,1081,927
2586,1329,1081,929
2587,1329,1081,931
2588,1329,1081,934
2589,1329,1081,936
2590,1329,1081,937
2591,1329,1081,942
2592,1329,1081,944
2593,1329,1081,945
2594,1329,1081,948
2595,1329,1081,950
2596,1329,1081,951
2597,1329,1081,953
2598,1329,1081,954
2599,1329,1081,955
2600,1329,1081,956
2601,1329,1081,958
2602,1329,1081,960
2603,1329,1081,964
2604,1329,1081,966
2605,1329,1081,968
2606,1329,1081,969
2607,1329,1081,971
2608,1329,1081,974
2609,1329,1081,976
2610,1329,1081,977
2611,1329,1081,978
2612,1329,1081,982
2613,1329,1081,983
2614,1329,1081,988
2615,1329,1081,990
2616,1329,1081,991
2617,1329,1081,992
2618,1329,1081,993
2619,1329,1081,996
2620,1329,1081,997
2621,1329,1081,998
2622,1329,1081,999
2623,1329,1081,1002
2624,1329,1081,1003
2625,1329,1081,1004
2626,1329,1081,1005
2627,1329,1081,1009
2628,1329,1081,1012
2629,1329,1081,1014
2630,1329,1081,1020
2631,1329,1081,1032
2632,1329,1081,1037
2633,1329,1081,1038
2634,1329,1081,1040
2635,1329,1081,1044
2636,1329,1081,1045
2637,1329,1081,1046
2638,1329,1081,1051
2639,1329,1081,1052
2640,1329,1081,1053
2641,1329,1081,1056
2642,1329,1081,1057
2643,1329,1081,1059
2644,1329,1081,1060
2645,1329,1081,1061
2646,1329,1081,1064
2647,1329,1081,1070
2648,1329,1081,1071
2649,1329,1081,1073
2650,1329,1081,1074
2651,1329,1081,1075
2652,1329,1081,1076
2653,1329,1081,1079
2654,1329,1081,1084
2655,1329,1081,1087
2656,1329,1081,1098
2657,1329,1081,1101
2658,1329,1081,1105
2659,1329,1081,1106
2660,1329,1081,1107
2661,1329,1081,1109
2662,1329,1081,1111
2663,1329,1081,1112
2664,1329,1081,1113
2665,1329,1081,1114
2666,1329,1081,1115
2667,1329,1081,1116
2668,1329,1081,1118
2669,1329,1081,1119
2670,1329,1081,1121
2671,1329,1081,1122
2672,1329,1081,1123
2673,1329,1081,1127
2674,1329,1081,1128
2675,1329,1081,1129
2676,1329,1081,1130
2677,1329,1081,1131
2678,1329,1081,1132
2679,1329,1081,1135
2680,1329,1081,1137
2681,1329,1081,1138
2682,1329,1081,1141
2683,1329,1081,1142
2684,1329,1081,1146
2685,1329,1081,1154
2686,1329,1081,1157
2687,1329,1081,1162
2688,1329,1081,1165
2689,1329,1081,1171
2690,1329,1081,1174
2691,1329,1081,1178
2692,1329,1081,1182
2693,1329,1081,1188
2694,1329,1081,1189
2695,1329,1081,1190
2696,1329,1081,1191
2697,1329,1081,1193
2698,1329,1081,1194
2699,1329,1081,1195
2700,1329,1081,1196
2701,1329,1081,1198
2702,1329,1081,1199
2703,1329,1081,1200
2704,1329,1081,1202
2705,1329,1081,1205
2706,1329,1081,1206
2707,1329,1081,1207
2708,1329,1081,1208
2709,1329,1081,1210
2710,1329,1081,1211
2711,1329,1081,1212
2712,1329,1081,1214
2713,1329,1081,1217
2714,1329,1081,1218
2715,1329,1081,1219
2716,1329,1081,1220
2717,1329,1081,1229
2718,1329,1081,1230
2719,1329,1081,1240
2720,1329,1081,1245
2721,1329,1081,1247
2722,1329,1081,1248
2723,1329,1081,1250
2724,1329,1081,1251
2725,1329,1081,1254
2726,1329,1081,1255
2727,1329,1081,1257
2728,1329,1081,1258
2729,1329,1081,1259
2730,1329,1081,1260
2731,1329,1081,1261
2732,1329,1081,1264
2733,1329,1081,1265
2734,1329,1081,1266
2735,1329,1081,1267
2736,1329,1081,1268
2737,1329,1081,1270
2738,1329,1081,1275
2739,1329,1081,1277
2740,1329,1081,1278
2741,1329,1081,1284
2742,1329,1081,1287
2743,1329,1081,1288
2744,1329,1081,1289
2745,1329,1081,1295
2746,1329,1081,1297
2747,1329,1081,1301
2748,1329,1081,1311
2749,1329,1081,1319
2750,1329,1081,1321
2751,1329,1081,1322
2752,1329,1081,1326
2753,1329,1081,1335
2754,1329,1081,1338
2755,1329,1081,1340
2756,1329,1081,1341
2757,1329,1081,1342
2758,1329,1081,1343
2759,1329,1081,1347
2760,1329,1081,1350
2761,1329,1081,1351
2762,1329,1081,1352
2763,1329,1081,1358
2764,1329,1081,1363
2765,1329,1081,1364
2766,1329,1081,1371
2767,1329,1081,1373
2768,1329,1081,1375
2769,1329,1081,1376
2770,1329,1081,1377
2771,1329,1081,1378
2772,1329,1081,1379
2773,1329,1081,1381
2774,1329,1081,1382
2775,1329,1081,1383
2776,1329,1081,1384
2777,1329,1081,1393
2778,1329,1081,1394
2779,1329,1081,1395
2780,1329,1081,1396
2781,1329,1081,1397
2782,1329,1081,1399
2783,1329,1081,1403
2784,1329,1081,1404
2785,1329,1081,1405
2786,1329,1081,1406
2787,1329,1081,1407
2788,1329,1081,1410
2789,1329,1081,1412
2790,1329,1081,1414
2791,1329,1081,1415
2792,1329,1081,1417
2793,1329,1081,1419
2794,1329,1081,1421
2795,1329,1081,1427
2796,1329,1081,1429
2797,1329,1081,1431
2798,1329,1081,1432
2799,1329,1081,1435
2800,1329,1081,1440
2801,1329,1081,1442
2802,1329,1081,1446
2803,1329,1081,1451
2804,1329,1081,1452
2805,1329,1081,1454
2806,1329,1081,1456
2807,1329,1081,1457
2808,1329,1081,1459
2809,1329,1081,1462
2810,1329,1081,1465
2811,1329,1081,1466
2812,1329,1081,1468
2813,1329,1081,1471
2814,1329,1081,1472
2815,1329,1081,1474
2816,1329,1081,1477
2817,1329,1081,1479
2818,1329,1081,1493
2819,1329,1081,1498
2820,1329,1081,1500
2821,1329,1081,1501
2822,1329,1081,1502
2823,1329,1081,1504
2824,1329,1081,1506
2825,1329,1081,1507
2826,1329,1081,1513
2827,1329,1081,1515
2828,1329,1081,1518
2829,1329,1081,1522
2830,1329,1081,1528
2831,1329,1081,1534
2832,1329,1081,1538
2833,1329,1081,1539
2834,1329,1081,1543
2835,1329,1081,1544
2836,1329,1081,1545
2837,1329,1081,1546
2838,1329,1081,1547
2839,1329,1081,1557
2840,1329,1081,1562
2841,1329,1081,1565
2842,1329,1081,1570
2843,1329,1081,1572
2844,1329,1081,1576
2845,1329,1081,1577
2846,1329,1081,1583
2847,1329,1081,1584
2848,1329,1081,1585
2849,1329,1081,1590
2850,1329,1081,1591
2851,1329,1081,1595
2852,1329,1081,1597
2853,1329,1081,1601
2854,1329,1081,1602
2855,1329,1081,1603
2856,1329,1081,1604
2857,1329,1081,1605
2858,1329,1081,1606
2859,1329,1081,1608
2860,1329,1081,1611
2861,1329,1081,1617
2862,1329,1081,1621
2863,1329,1081,1622
2864,1329,1081,1623
2865,1329,1081,1626
2866,1329,1081,1627
2867,1329,1081,1629
2868,1329,1081,1630
2869,1329,1081,1634
2870,1329,1081,1638
2871,1329,1081,1646
2872,1329,1081,1652
2873,1329,1081,1653
2874,1329,1081,1661
2875,1329,1081,1662
2876,1329,1081,1664
2877,1329,1081,1665
2878,1329,1081,1666
2879,1329,1081,1667
2880,1329,1081,1671
2881,1329,1081,1674
2882,1329,1081,1675
2883,1329,1081,1677
2884,1329,1081,1679
2885,1329,1081,1680
2886,1329,1081,1681
2887,1329,1081,1683
2888,1329,1081,1684
2889,1329,1081,1685
2890,1329,1081,1686
2891,1329,1081,1690
2892,1329,1081,1691
2893,1329,1081,1695
2894,1329,1081,1696
2895,1329,1081,1700
2896,1329,1081,1701
2897,1329,1081,1702
2898,1329,1081,1703
2899,1329,1081,1712
2900,1329,1081,1713
2901,1329,1081,1716
2902,1329,1081,1717
2903,1329,1081,1718
2904,1329,1081,1723
2905,1329,1081,1724
2906,1329,1081,1728
2907,1329,1081,1729
2908,1329,1081,1740
2909,1329,1081,1751
2910,1329,1081,1755
2911,1329,1081,1756
2912,1329,1081,1757
2913,1329,1081,1760
2914,1329,1081,1765
2915,1329,1081,1770
2916,1329,1081,1775
2917,1329,1081,1778
2918,1329,1081,1782
2919,1329,1081,1788
2920,1329,1081,1791
2921,1329,1081,1792
2922,1329,1081,1794
2923,1329,1081,1795
2924,1329,1081,1798
2925,1329,1081,1800
2926,1329,1081,1801
2927,1329,1081,1802
2928,1329,1081,1806
2929,1329,1081,1807
2930,1329,1081,1810
2931,1329,1081,1811
2932,1329,1081,1812
2933,1329,1081,1813
2934,1329,1081,1814
2935,1329,1081,1815
2936,1329,1081,1817
2937,1329,1081,1818
2938,1329,1081,1820
2939,1329,1081,1822
2940,1329,1081,1826
2941,1329,1081,1827
2942,1329,1081,1833
2943,1329,1081,1843
2944,1329,1081,1847
2945,1329,1081,1849
2946,1329,1081,1850
2947,1329,1081,1853
2948,1329,1081,1857
2949,1329,1081,1860
2950,1329,1081,1862
2951,1329,1081,1864
2952,1329,1081,1865
2953,1329,1081,1866
2954,1329,1081,1867
2955,1329,1081,1868
2956,1329,1081,1874
2957,1329,1081,1875
2958,1329,1081,1876
2959,1329,1081,1880
2960,1329,1081,1882
2961,1330,1292,1
2962,1330,1292,2
2963,1330,1292,131
2964,1330,1292,214
2965,1330,1292,218
2966,1330,1292,378
2967,1330,1292,462
2968,1330,1292,591
2969,1330,1292,608
2970,1330,1292,719
2971,1330,1292,738
2972,1330,1292,747
2973,1330,1292,899
2974,1330,1292,1025
2975,1330,1292,1488
2976,1330,1292,1592
2977,1330,1292,1732
2978,1330,1292,1753
2979,1330,1292,1766
2980,1330,1292,1805
2981,1330,1292,1863
2982,1331,1089,78
2983,1331,1089,140
2984,1331,1089,205
2985,1331,1089,283
2986,1331,1089,295
2987,1331,1089,432
2988,1331,1089,547
2989,1331,1089,615
2990,1331,1089,618
2991,1331,1089,1006
2992,1331,1089,1293
2993,1331,1089,1299
2994,1331,1089,1337
2995,1331,1089,1490
2996,1331,1089,1496
2997,1331,1089,1582
2998,1331,1089,1660
2999,1331,1089,1689
3000,1331,1089,1805
3001,1331,1089,1821
3002,1332,1237,501
3003,1332,1237,232
3004,1332,1237,300
3005,1332,1237,411
3006,1332,1237,412
3007,1332,1237,561
3008,1332,1237,627
3009,1332,1237,916
3010,1332,1237,1067
3011,1332,1237,981
3012,1332,1237,1149
3013,1332,1237,1099
3014,1332,1237,1273
3015,1332,1237,1268
3016,1332,1237,1300
3017,1332,1237,1344
3018,1332,1237,1494
3019,1332,1237,1540
3020,1332,1237,1614
3021,1332,1237,1637
3022,1332,1237,1731
3023,1332,1237,1859
3024,1332,1237,1873
3025,1333,1793,None
3026,1334,265,None
3027,1335,1329,None
3028,1336,1742,None
3029,1337,1331,None
3030,1338,1329,None
3031,1339,682,None
3032,1340,1329,None
3033,1341,1329,None
3034,1342,1329,None
3035,1343,1329,None
3036,1344,1332,None
3037,1345,272,None
3038,1346,333,1593
3039,1347,333,None
3040,1347,1329,None
3041,1348,484,None
3042,1349,1489,None
3043,1350,1329,None
3044,1350,1148,None
3045,1351,1329,None
3046,1352,1329,None
3047,1353,1081,None
3048,1353,100,599
3049,1353,100,767
3050,1353,100,843
3051,1353,100,1314
3052,1353,100,1642
3053,1353,244,598
3054,1353,244,767
3055,1353,244,1314
3056,1353,244,1642
3057,1354,224,None
3058,1354,224,None
3059,1355,660,None
3060,1356,99,None
3061,1356,99,None
3062,1357,1365,None
3063,1358,1329,None
3064,1359,99,None
3065,1360,660,None
3066,1361,108,None
3067,1361,1035,None
3068,1361,1262,None
3069,1362,660,None
3070,1363,1329,None
3071,1364,1329,None
3072,1365,1081,50
3073,1365,1081,70
3074,1365,1081,71
3075,1365,1081,72
3076,1365,1081,85
3077,1365,1081,110
3078,1365,1081,172
3079,1365,1081,182
3080,1365,1081,201
3081,1365,1081,202
3082,1365,1081,203
3083,1365,1081,238
3084,1365,1081,277
3085,1365,1081,393
3086,1365,1081,465
3087,1365,1081,511
3088,1365,1081,556
3089,1365,1081,558
3090,1365,1081,709
3091,1365,1081,768
3092,1365,1081,772
3093,1365,1081,776
3094,1365,1081,828
3095,1365,1081,913
3096,1365,1081,915
3097,1365,1081,919
3098,1365,1081,920
3099,1365,1081,921
3100,1365,1081,922
3101,1365,1081,928
3102,1365,1081,930
3103,1365,1081,947
3104,1365,1081,949
3105,1365,1081,1017
3106,1365,1081,1018
3107,1365,1081,1048
3108,1365,1081,1078
3109,1365,1081,1103
3110,1365,1081,1140
3111,1365,1081,1155
3112,1365,1081,1156
3113,1365,1081,1158
3114,1365,1081,1228
3115,1365,1081,1294
3116,1365,1081,1327
3117,1365,1081,1357
3118,1365,1081,1366
3119,1365,1081,1372
3120,1365,1081,1434
3121,1365,1081,1475
3122,1365,1081,1476
3123,1365,1081,1532
3124,1365,1081,1541
3125,1365,1081,1563
3126,1365,1081,1571
3127,1365,1081,1589
3128,1365,1081,1594
3129,1365,1081,1612
3130,1365,1081,1670
3131,1365,1081,1673
3132,1365,1081,1763
3133,1365,1081,1785
3134,1365,1081,1819
3135,1365,1081,1845
3136,1365,1081,1878
3137,1365,1081,1879
3138,1365,1081,1881
3139,1365,1081,1883
3140,1366,1365,None
3141,1367,1368,1808
3142,1368,122,115
3143,1368,122,123
3144,1368,122,276
3145,1368,122,315
3146,1368,122,1367
3147,1369,682,None
3148,1370,99,None
3149,1371,1329,None
3150,1372,1365,None
3151,1373,1329,None
3152,1374,1387,None
3153,1375,1329,None
3154,1376,1329,None
3155,1377,1329,None
3156,1378,1329,None
3157,1379,1329,None
3158,1380,265,None
3159,1381,1329,None
3160,1382,1329,None
3161,1383,1329,None
3162,1384,1329,None
3163,1385,624,810
3164,1386,624,58
3165,1386,624,711
3166,1387,347,112
3167,1387,347,242
3168,1387,347,485
3169,1387,347,555
3170,1387,347,659
3171,1387,347,1374
3172,1387,347,1425
3173,1387,347,1786
3174,1388,327,None
3175,1389,815,421
3176,1389,815,1163
3177,1390,682,None
3178,1391,102,None
3179,1392,406,None
3180,1393,1329,None
3181,1394,1329,None
3182,1395,1329,None
3183,1396,1329,None
3184,1397,1329,None
3185,1398,1793,None
3186,1399,1329,None
3187,1400,528,None
3188,1400,528,None
3189,1401,484,None
3190,1402,484,None
3191,1403,1329,None
3192,1404,1329,None
3193,1405,1329,None
3194,1406,1329,None
3195,1407,1329,None
3196,1408,265,None
3197,1409,286,1222
3198,1410,1329,None
3199,1411,742,None
3200,1412,1329,None
3201,1413,1625,191
3202,1413,1625,781
3203,1413,1625,946
3204,1414,1329,None
3205,1415,1329,None
3206,1416,1705,None
3207,1417,1329,None
3208,1418,355,None
3209,1419,1329,None
3210,1420,682,None
3211,1421,1329,None
3212,1422,246,None
3213,1423,879,None
3214,1424,484,None
3215,1425,1387,None
3216,1426,682,None
3217,1427,1329,None
3218,1428,1085,66
3219,1428,1085,493
3220,1428,1085,1159
3221,1429,1329,None
3222,1430,898,None
3223,1431,1329,None
3224,1432,1329,None
3225,1433,122,35
3226,1433,122,132
3227,1433,122,1797
3228,1434,1365,None
3229,1435,1329,None
3230,1436,1793,None
3231,1437,491,None
3232,1438,1548,None
3233,1438,1548,None
3234,1439,1307,None
3235,1440,1329,None
3236,1441,1496,None
3237,1441,1793,None
3238,1442,1329,None
3239,1443,879,None
3240,1444,1705,None
3241,1445,1793,None
3242,1446,1329,None
3243,1447,406,None
3244,1448,333,None
3245,1449,1793,None
3246,1450,101,None
3247,1450,682,None
3248,1450,1235,None
3249,1451,1329,None
3250,1452,1329,None
3251,1453,1793,None
3252,1454,1329,None
3253,1455,272,None
3254,1456,1329,None
3255,1457,1329,None
3256,1458,108,None
3257,1459,1329,None
3258,1460,1793,None
3259,1461,1776,None
3260,1462,1329,None
3261,1463,551,None
3262,1463,444,None
3263,1464,1705,None
3264,1465,1329,None
3265,1466,1329,None
3266,1467,616,None
3267,1468,1329,None
3268,1469,1559,None
3269,1470,1793,None
3270,1471,1329,None
3271,1472,1308,None
3272,1472,1329,None
3273,1473,1272,None
3274,1474,1329,None
3275,1475,1365,None
3276,1476,1365,None
3277,1477,1329,None
3278,1478,682,None
3279,1479,1329,None
3280,1480,100,316
3281,1480,100,375
3282,1480,100,822
3283,1481,265,None
3284,1482,130,1068
3285,1482,1262,None
3286,1483,108,None
3287,1484,135,None
3288,1485,682,None
3289,1486,99,None
3290,1487,682,None
3291,1488,1330,None
3292,1489,347,13
3293,1489,347,405
3294,1489,347,713
3295,1489,347,751
3296,1489,347,842
3297,1489,347,845
3298,1489,347,1011
3299,1489,347,1024
3300,1489,347,1117
3301,1489,347,1136
3302,1489,347,1186
3303,1489,347,1187
3304,1489,347,1213
3305,1489,347,1285
3306,1489,347,1316
3307,1489,347,1349
3308,1489,347,1548
3309,1490,1331,None
3310,1491,1089,1039
3311,1491,1089,1065
3312,1491,1089,1215
3313,1491,1089,1325
3314,1491,1089,1672
3315,1492,1089,536
3316,1492,1089,1010
3317,1492,1089,1013
3318,1492,1089,1517
3319,1493,1329,None
3320,1494,1332,None
3321,1495,682,None
3322,1496,1331,None
3323,1496,1089,1003
3324,1496,1089,1441
3325,1496,1089,1657
3326,1496,1089,1734
3327,1496,1793,None
3328,1497,1234,152
3329,1497,1234,819
3330,1497,1234,871
3331,1497,1234,973
3332,1497,1234,1043
3333,1497,1234,1081
3334,1498,1329,None
3335,1499,333,None
3336,1499,1226,None
3337,1500,1329,None
3338,1501,1329,None
3339,1502,1329,None
3340,1503,99,None
3341,1504,1329,None
3342,1505,1793,None
3343,1506,1329,None
3344,1507,1329,None
3345,1508,108,None
3346,1509,108,None
3347,1510,838,None
3348,1511,844,None
3349,1512,1781,None
3350,1513,1329,None
3351,1514,682,None
3352,1515,1329,None
3353,1516,616,None
3354,1516,614,None
3355,1517,1492,None
3356,1518,1329,None
3357,1519,1705,None
3358,1520,682,None
3359,1521,528,None
3360,1521,528,None
3361,1522,1329,None
3362,1523,406,475
3363,1524,99,None
3364,1525,99,None
3365,1526,135,None
3366,1527,244,198
3367,1527,244,310
3368,1527,244,420
3369,1527,244,475
3370,1527,244,554
3371,1527,244,578
3372,1528,1329,None
3373,1529,898,None
3374,1530,272,None
3375,1531,1272,None
3376,1532,1365,None
3377,1533,1793,None
3378,1534,1329,None
3379,1535,1793,None
3380,1536,1094,None
3381,1537,660,None
3382,1538,1329,None
3383,1539,1329,None
3384,1540,1332,None
3385,1541,1365,None
3386,1542,484,None
3387,1543,1329,None
3388,1544,1329,None
3389,1545,1329,None
3390,1546,1329,None
3391,1547,1329,None
3392,1548,616,171
3393,1548,616,498
3394,1548,616,851
3395,1548,616,1438
3396,1548,616,1551
3397,1548,1489,None
3398,1548,614,171
3399,1548,614,498
3400,1548,614,851
3401,1548,614,1438
3402,1548,614,1551
3403,1549,1550,None
3404,1550,624,53
3405,1550,624,99
3406,1550,624,811
3407,1550,624,1549
3408,1551,1548,None
3409,1551,1548,None
3410,1552,53,None
3411,1553,346,None
3412,1554,99,None
3413,1555,99,None
3414,1556,99,None
3415,1557,1329,None
3416,1558,1088,None
3417,1559,827,760
3418,1559,827,1469
3419,1560,100,1561
3420,1561,1560,None
3421,1562,1329,None
3422,1563,1365,None
3423,1564,102,None
3424,1565,1329,None
3425,1566,660,None
3426,1567,130,None
3427,1568,877,None
3428,1569,135,None
3429,1570,1329,None
3430,1571,1365,None
3431,1572,1329,None
3432,1573,333,592
3433,1573,333,993
3434,1573,333,1574
3435,1574,1573,None
3436,1575,682,None
3437,1576,1329,None
3438,1577,1329,None
3439,1578,973,1580
3440,1579,682,None
3441,1580,682,None
3442,1580,1578,None
3443,1580,972,None
3444,1581,682,None
3445,1582,1331,None
3446,1582,1089,15
3447,1582,1089,303
3448,1582,1089,695
3449,1582,1089,753
3450,1582,1089,1072
3451,1582,1089,1774
3452,1583,1329,None
3453,1584,1329,None
3454,1585,1329,None
3455,1586,333,None
3456,1587,1153,None
3457,1587,1743,None
3458,1588,101,None
3459,1589,1365,None
3460,1590,1329,None
3461,1591,1329,None
3462,1592,1330,None
3463,1593,1346,None
3464,1594,1365,None
3465,1595,1329,None
3466,1596,394,None
3467,1596,394,None
3468,1597,1329,None
3469,1598,613,None
3470,1598,613,None
3471,1599,1043,None
3472,1600,600,None
3473,1601,1329,None
3474,1602,1329,None
3475,1603,1329,None
3476,1604,1329,None
3477,1605,1329,None
3478,1606,1329,None
3479,1607,272,None
3480,1608,1329,None
3481,1609,787,None
3482,1610,1730,None
3483,1611,1329,None
3484,1612,1365,None
3485,1613,887,None
3486,1614,1332,None
3487,1615,1628,None
3488,1616,1793,None
3489,1617,1329,None
3490,1618,444,None
3491,1619,99,None
3492,1620,272,None
3493,1621,1329,None
3494,1622,1329,None
3495,1623,1329,None
3496,1624,528,None
3497,1624,528,None
3498,1625,1694,267
3499,1625,1694,335
3500,1625,1694,574
3501,1625,1694,662
3502,1625,1694,1081
3503,1625,1694,1413
3504,1625,660,None
3505,1626,1329,None
3506,1627,1329,None
3507,1628,660,543
3508,1628,660,884
3509,1628,660,1615
3510,1629,1329,None
3511,1630,1329,None
3512,1631,1272,None
3513,1632,101,None
3514,1633,108,None
3515,1634,1329,None
3516,1635,1793,None
3517,1636,340,None
3518,1637,1332,None
3519,1638,1329,None
3520,1639,395,None
3521,1640,244,None
3522,1641,1698,1642
3523,1641,1698,1749
3524,1642,340,None
3525,1642,101,None
3526,1642,1641,None
3527,1642,987,None
3528,1642,1353,None
3529,1642,1353,None
3530,1643,333,None
3531,1644,101,None
3532,1644,1235,None
3533,1645,624,764
3534,1646,1329,None
3535,1647,265,None
3536,1648,682,None
3537,1649,682,None
3538,1650,272,None
3539,1651,229,None
3540,1652,1329,None
3541,1653,1329,None
3542,1654,108,None
3543,1655,551,None
3544,1656,1793,None
3545,1657,1496,None
3546,1658,245,None
3547,1659,1081,None
3548,1660,1331,None
3549,1661,1329,None
3550,1662,1329,None
3551,1663,1698,1666
3552,1664,1329,None
3553,1665,1329,None
3554,1666,1663,497
3555,1666,1329,None
3556,1667,1329,None
3557,1668,333,None
3558,1669,682,None
3559,1670,1365,None
3560,1671,1329,None
3561,1672,1491,None
3562,1673,1365,None
3563,1674,1329,None
3564,1675,1329,None
3565,1676,742,None
3566,1677,1329,None
3567,1678,1793,None
3568,1679,1329,None
3569,1680,1329,None
3570,1681,1329,None
3571,1682,244,None
3572,1683,1329,None
3573,1684,682,None
3574,1684,1329,None
3575,1685,1329,None
3576,1686,1329,None
3577,1687,616,691
3578,1687,616,1687
3579,1687,614,691
3580,1687,614,1687
3581,1688,1793,None
3582,1689,1331,191
3583,1689,1331,360
3584,1689,1331,754
3585,1689,1331,782
3586,1690,1329,None
3587,1691,1329,None
3588,1692,1234,68
3589,1692,1234,380
3590,1692,1234,385
3591,1692,1234,395
3592,1692,1234,742
3593,1692,1234,1231
3594,1692,1234,1302
3595,1692,1234,1752
3596,1692,1234,1789
3597,1692,1234,1220
3598,1693,102,None
3599,1694,245,197
3600,1694,245,523
3601,1694,245,1286
3602,1694,245,1625
3603,1695,1329,None
3604,1696,1329,None
3605,1697,237,337
3606,1697,237,745
3607,1697,237,1145
3608,1698,1234,865
3609,1698,1234,1303
3610,1698,1234,1641
3611,1698,1234,1663
3612,1699,197,None
3613,1700,1329,None
3614,1701,682,None
3615,1701,1329,None
3616,1702,1329,None
3617,1703,1329,None
3618,1704,119,None
3619,1704,584,None
3620,1705,1089,80
3621,1705,1089,86
3622,1705,1089,129
3623,1705,1089,139
3624,1705,1089,186
3625,1705,1089,260
3626,1705,1089,359
3627,1705,1089,444
3628,1705,1089,552
3629,1705,1089,675
3630,1705,1089,677
3631,1705,1089,759
3632,1705,1089,783
3633,1705,1089,857
3634,1705,1089,867
3635,1705,1089,878
3636,1705,1089,938
3637,1705,1089,1000
3638,1705,1089,1003
3639,1705,1089,1007
3640,1705,1089,1035
3641,1705,1089,1064
3642,1705,1089,1167
3643,1705,1089,1324
3644,1705,1089,1416
3645,1705,1089,1444
3646,1705,1089,1464
3647,1705,1089,1519
3648,1705,1089,1707
3649,1705,1089,1715
3650,1706,1035,None
3651,1707,1705,None
3652,1708,613,None
3653,1708,613,None
3654,1709,97,None
3655,1710,394,None
3656,1710,394,None
3657,1711,660,None
3658,1712,1329,None
3659,1713,1329,None
3660,1714,245,726
3661,1715,1705,None
3662,1716,1329,None
3663,1717,1329,None
3664,1718,1329,None
3665,1719,742,None
3666,1720,1793,None
3667,1721,484,None
3668,1722,682,None
3669,1723,1329,None
3670,1724,1329,None
3671,1725,682,None
3672,1726,1302,825
3673,1726,1302,1727
3674,1727,1726,None
3675,1728,1329,None
3676,1729,1329,None
3677,1730,119,815
3678,1730,119,1610
3679,1731,1332,None
3680,1732,1330,None
3681,1733,1793,None
3682,1734,1496,None
3683,1735,1086,None
3684,1736,1308,None
3685,1736,1307,None
3686,1737,682,None
3687,1738,1743,None
3688,1739,865,None
3689,1739,1226,None
3690,1740,1329,None
3691,1741,333,None
3692,1742,1237,181
3693,1742,1237,239
3694,1742,1237,397
3695,1742,1237,1336
3696,1742,395,None
3697,1743,865,220
3698,1743,865,445
3699,1743,865,1587
3700,1743,355,None
3701,1743,1235,1738
3702,1744,398,None
3703,1745,1236,None
3704,1746,101,None
3705,1746,398,None
3706,1746,1235,None
3707,1747,1236,None
3708,1748,101,None
3709,1749,1641,None
3710,1750,1272,None
3711,1751,1329,None
3712,1752,1692,None
3713,1753,1330,None
3714,1754,1088,None
3715,1755,1329,None
3716,1756,1329,None
3717,1757,1329,None
3718,1758,246,None
3719,1759,800,None
3720,1760,1329,None
3721,1761,682,None
3722,1762,333,None
3723,1763,1365,None
3724,1764,838,None
3725,1765,1329,None
3726,1766,1330,None
3727,1767,333,None
3728,1768,879,None
3729,1769,1307,None
3730,1770,1329,None
3731,1771,99,None
3732,1772,99,None
3733,1773,682,None
3734,1774,1582,None
3735,1775,1329,None
3736,1776,347,28
3737,1776,347,806
3738,1776,347,810
3739,1776,347,1461
3740,1776,347,1852
3741,1777,815,None
3742,1778,1329,None
3743,1779,102,None
3744,1780,349,None
3745,1781,1237,330
3746,1781,1237,457
3747,1781,1237,733
3748,1781,1237,793
3749,1781,1237,1042
3750,1781,1237,1095
3751,1781,1237,1512
3752,1781,1237,1803
3753,1781,1237,1877
3754,1782,1329,None
3755,1783,898,None
3756,1784,742,None
3757,1785,1365,None
3758,1786,1387,None
3759,1787,1220,None
3760,1788,1329,None
3761,1789,1692,None
3762,1790,333,None
3763,1791,1329,None
3764,1792,1329,None
3765,1793,159,505
3766,1793,159,961
3767,1793,1082,60
3768,1793,1082,61
3769,1793,1082,175
3770,1793,1082,230
3771,1793,1082,301
3772,1793,1082,372
3773,1793,1082,463
3774,1793,1082,482
3775,1793,1082,509
3776,1793,1082,518
3777,1793,1082,560
3778,1793,1082,575
3779,1793,1082,588
3780,1793,1082,610
3781,1793,1082,648
3782,1793,1082,697
3783,1793,1082,700
3784,1793,1082,761
3785,1793,1082,779
3786,1793,1082,823
3787,1793,1082,832
3788,1793,1082,939
3789,1793,1082,957
3790,1793,1082,959
3791,1793,1082,1001
3792,1793,1082,1034
3793,1793,1082,1058
3794,1793,1082,1063
3795,1793,1082,1066
3796,1793,1082,1100
3797,1793,1082,1168
3798,1793,1082,1172
3799,1793,1082,1209
3800,1793,1082,1280
3801,1793,1082,1299
3802,1793,1082,1333
3803,1793,1082,1398
3804,1793,1082,1436
3805,1793,1082,1441
3806,1793,1082,1445
3807,1793,1082,1449
3808,1793,1082,1453
3809,1793,1082,1460
3810,1793,1082,1470
3811,1793,1082,1496
3812,1793,1082,1505
3813,1793,1082,1533
3814,1793,1082,1535
3815,1793,1082,1616
3816,1793,1082,1635
3817,1793,1082,1656
3818,1793,1082,1678
3819,1793,1082,1688
3820,1793,1082,1720
3821,1793,1082,1733
3822,1793,1082,1851
3823,1793,1082,1858
3824,1794,1329,None
3825,1795,1272,None
3826,1795,1329,None
3827,1796,272,None
3828,1797,1433,None
3829,1798,1329,None
3830,1799,236,None
3831,1800,1329,None
3832,1801,1329,None
3833,1802,1329,None
3834,1803,1781,None
3835,1804,1856,None
3836,1805,1330,None
3837,1805,1331,None
3838,1805,1089,78
3839,1805,1089,130
3840,1805,1089,138
3841,1805,1089,293
3842,1805,1089,787
3843,1805,1089,1805
3844,1806,1329,None
3845,1807,1329,None
3846,1808,1367,None
3847,1809,104,None
3848,1810,1329,None
3849,1811,1329,None
3850,1812,1329,None
3851,1813,1329,None
3852,1814,1329,None
3853,1815,1329,None
3854,1816,108,None
3855,1817,1329,None
3856,1818,1329,None
3857,1819,1365,None
3858,1820,1329,None
3859,1821,1331,None
3860,1822,1805,None
3861,1822,1329,None
3862,1823,99,None
3863,1823,244,None
3864,1824,99,None
3865,1825,272,None
3866,1826,1329,None
3867,1827,1329,None
3868,1828,99,None
3869,1829,664,341
3870,1829,664,343
3871,1830,99,None
3872,1831,346,None
3873,1832,99,None
3874,1833,1329,None
3875,1834,244,None
3876,1835,244,None
3877,1836,327,None
3878,1837,1086,None
3879,1838,325,None
3880,1839,99,None
3881,1840,347,533
3882,1840,347,715
3883,1840,347,943
3884,1840,347,1292
3885,1841,99,None
3886,1842,99,None
3887,1843,1329,None
3888,1844,887,None
3889,1845,1365,None
3890,1846,682,None
3891,1847,1329,None
3892,1848,333,None
3893,1849,1329,None
3894,1850,1329,None
3895,1851,1793,None
3896,1852,1776,None
3897,1853,1329,None
3898,1854,99,None
3899,1855,879,None
3900,1856,584,125
3901,1856,584,1022
3902,1856,584,1161
3903,1856,584,1804
3904,1857,1329,None
3905,1858,1793,None
3906,1859,1332,None
3907,1860,1329,None
3908,1861,660,None
3909,1862,1329,None
3910,1863,1330,None
3911,1864,1329,None
3912,1865,1329,None
3913,1866,1329,None
3914,1867,1329,None
3915,1868,1329,None
3916,1869,1236,None
3917,1870,333,None
3918,1871,333,154
3919,1871,333,1872
3920,1872,1871,None
3921,1873,1332,None
3922,1874,1329,None
3923,1875,1329,None
3924,1876,1329,None
3925,1877,1781,None
3926,1878,1365,None
3927,1879,1365,None
3928,1880,1329,None
3929,1881,1365,None
3930,1882,1329,None
3931,1883,1365,None
